id,AM,completion_month_ts,completion_month,last_month_shipment,ship_t1,ship_t2,excluded_stop_end,used_prev_month_for_last
42,Васильев Артем Александрович,2022-11-01,Ноябрь 2022,36220.0,0.0,0.0,False,False
453,Васильев Артем Александрович,2022-11-01,Ноябрь 2022,0.0,39245.0,44320.0,False,False
548,Михайлов Андрей Сергеевич,2022-11-01,Ноябрь 2022,674000.0,674000.0,674000.0,False,False
87,Соколова Анастасия Викторовна,2022-11-01,Ноябрь 2022,70050.0,0.0,73380.0,False,False
429,Соколова Анастасия Викторовна,2022-11-01,Ноябрь 2022,30280.0,35580.0,35830.0,False,False
600,Васильев Артем Александрович,2022-11-01,Ноябрь 2022,281417.0,175100.0,267220.0,False,False
657,Васильев Артем Александрович,2022-11-01,Ноябрь 2022,0.0,0.0,0.0,True,False
594,Васильев Артем Александрович,2022-11-01,Ноябрь 2022,0.0,0.0,0.0,True,False
665,Васильев Артем Александрович,2022-11-01,Ноябрь 2022,10000.0,0.0,0.0,False,False
586,Иванова Мария Сергеевна,2022-11-01,Ноябрь 2022,52240.0,0.0,0.0,False,False
637,Соколова Анастасия Викторовна,2022-11-01,Ноябрь 2022,38045.0,0.0,0.0,False,False
419,Михайлов Андрей Сергеевич,2022-11-01,Ноябрь 2022,0.0,0.0,0.0,False,False
578,Попова Екатерина Николаевна,2022-11-01,Ноябрь 2022,82800.0,0.0,0.0,False,False
579,Васильев Артем Александрович,2022-11-01,Ноябрь 2022,0.0,0.0,0.0,False,False
671,Соколова Анастасия Викторовна,2022-11-01,Ноябрь 2022,28000.0,105805.0,108230.0,False,False
633,Васильев Артем Александрович,2022-11-01,Ноябрь 2022,40200.0,40200.0,40200.0,False,False
645,Соколова Анастасия Викторовна,2022-11-01,Ноябрь 2022,58060.0,46135.0,0.0,False,False
369,Васильев Артем Александрович,2022-11-01,Ноябрь 2022,42600.0,7450.0,0.0,False,False
547,Михайлов Андрей Сергеевич,2022-11-01,Ноябрь 2022,144180.0,104660.0,226420.0,False,False
592,Васильев Артем Александрович,2022-11-01,Ноябрь 2022,104642.0,0.0,0.0,False,False
666,Васильев Артем Александрович,2022-11-01,Ноябрь 2022,110000.0,0.0,0.0,False,False
620,Васильев Артем Александрович,2022-11-01,Ноябрь 2022,0.0,0.0,0.0,False,False
301,Попова Екатерина Николаевна,2022-11-01,Ноябрь 2022,55220.0,40830.0,40830.0,False,False
704,Михайлов Андрей Сергеевич,2022-11-01,Ноябрь 2022,41025.0,0.0,0.0,False,False
15,Иванова Мария Сергеевна,2022-12-01,Декабрь 2022,439280.0,102433.75,102433.75,False,False
16,Иванова Мария Сергеевна,2022-12-01,Декабрь 2022,0.0,0.0,0.0,False,False
379,Иванова Мария Сергеевна,2022-12-01,Декабрь 2022,55195.0,0.0,0.0,False,False
31,Васильев Артем Александрович,2022-12-01,Декабрь 2022,55100.0,0.0,44775.0,False,False
572,Васильев Артем Александрович,2022-12-01,Декабрь 2022,0.0,0.0,0.0,True,False
573,Васильев Артем Александрович,2022-12-01,Декабрь 2022,0.0,0.0,0.0,True,False
574,Васильев Артем Александрович,2022-12-01,Декабрь 2022,0.0,0.0,0.0,True,False
575,Васильев Артем Александрович,2022-12-01,Декабрь 2022,0.0,0.0,0.0,True,False
576,Васильев Артем Александрович,2022-12-01,Декабрь 2022,0.0,0.0,0.0,True,False
448,Соколова Анастасия Викторовна,2022-12-01,Декабрь 2022,137562.5,83901.0,135283.0,False,False
492,Смирнова Ольга Владимировна,2022-12-01,Декабрь 2022,57615.0,61925.0,62615.0,False,False
597,Михайлов Андрей Сергеевич,2022-12-01,Декабрь 2022,210015.21,201944.09,201944.09,False,False
708,Васильев Артем Александрович,2022-12-01,Декабрь 2022,501895.0,660475.0,752515.0,False,False
719,Васильев Артем Александрович,2022-12-01,Декабрь 2022,602370.0,0.0,0.0,False,False
39,Иванова Мария Сергеевна,2022-12-01,Декабрь 2022,137700.0,149206.5,149206.5,False,False
328,Иванова Мария Сергеевна,2022-12-01,Декабрь 2022,110700.0,0.0,0.0,False,False
716,Соколова Анастасия Викторовна,2022-12-01,Декабрь 2022,20820.0,0.0,0.0,False,False
613,Васильев Артем Александрович,2022-12-01,Декабрь 2022,0.0,0.0,0.0,True,False
615,Васильев Артем Александрович,2022-12-01,Декабрь 2022,0.0,0.0,0.0,True,False
617,Васильев Артем Александрович,2022-12-01,Декабрь 2022,0.0,0.0,0.0,True,False
643,Васильев Артем Александрович,2022-12-01,Декабрь 2022,0.0,0.0,0.0,True,False
45,Попова Екатерина Николаевна,2022-12-01,Декабрь 2022,47400.0,49130.0,64475.0,False,False
318,Попова Екатерина Николаевна,2022-12-01,Декабрь 2022,20590.0,0.0,0.0,False,False
46,Васильев Артем Александрович,2022-12-01,Декабрь 2022,37939.5,39838.5,39298.5,False,False
49,Васильев Артем Александрович,2022-12-01,Декабрь 2022,85842.0,83358.0,83358.0,False,False
603,Михайлов Андрей Сергеевич,2022-12-01,Декабрь 2022,0.0,0.0,0.0,False,False
441,Михайлов Андрей Сергеевич,2022-12-01,Декабрь 2022,83400.0,79820.0,87680.0,False,False
461,Иванова Мария Сергеевна,2022-12-01,Декабрь 2022,130410.0,0.0,0.0,False,False
717,Попова Екатерина Николаевна,2022-12-01,Декабрь 2022,34100.0,0.0,0.0,False,False
112,Иванова Мария Сергеевна,2022-12-01,Декабрь 2022,194050.0,125000.0,222000.0,False,False
630,Смирнова Ольга Владимировна,2022-12-01,Декабрь 2022,54165.0,49640.0,47085.0,False,False
154,Попова Екатерина Николаевна,2022-12-01,Декабрь 2022,57545.0,57545.0,57545.0,False,False
418,Михайлов Андрей Сергеевич,2022-12-01,Декабрь 2022,0.0,0.0,0.0,True,False
456,Михайлов Андрей Сергеевич,2022-12-01,Декабрь 2022,0.0,0.0,0.0,True,False
457,Михайлов Андрей Сергеевич,2022-12-01,Декабрь 2022,0.0,0.0,0.0,True,False
454,Михайлов Андрей Сергеевич,2022-12-01,Декабрь 2022,92140.0,0.0,0.0,False,False
455,Михайлов Андрей Сергеевич,2022-12-01,Декабрь 2022,55000.0,0.0,0.0,False,False
693,Попова Екатерина Николаевна,2022-12-01,Декабрь 2022,82435.0,0.0,0.0,False,False
654,Соколова Анастасия Викторовна,2022-12-01,Декабрь 2022,231057.76,0.0,0.0,False,False
475,Соколова Анастасия Викторовна,2022-12-01,Декабрь 2022,100485.0,0.0,0.0,False,False
193,Иванова Мария Сергеевна,2022-12-01,Декабрь 2022,190280.0,0.0,0.0,False,False
390,Иванова Мария Сергеевна,2022-12-01,Декабрь 2022,220830.0,0.0,0.0,False,False
477,Иванова Мария Сергеевна,2022-12-01,Декабрь 2022,0.0,0.0,0.0,True,False
478,Иванова Мария Сергеевна,2022-12-01,Декабрь 2022,90935.0,0.0,0.0,False,False
535,Иванова Мария Сергеевна,2022-12-01,Декабрь 2022,109590.0,0.0,0.0,False,False
709,Иванова Мария Сергеевна,2022-12-01,Декабрь 2022,20450.0,0.0,0.0,False,False
581,Иванова Мария Сергеевна,2022-12-01,Декабрь 2022,151280.0,0.0,0.0,False,False
623,Иванова Мария Сергеевна,2022-12-01,Декабрь 2022,149765.0,0.0,0.0,False,False
196,Соколова Анастасия Викторовна,2022-12-01,Декабрь 2022,48400.0,0.0,49350.0,False,False
199,Соколова Анастасия Викторовна,2022-12-01,Декабрь 2022,68120.0,51470.0,46470.0,False,False
705,Смирнова Ольга Владимировна,2022-12-01,Декабрь 2022,38295.0,0.0,0.0,False,False
629,Кузнецов Михаил Иванович,2022-12-01,Декабрь 2022,52335.0,66255.0,56115.0,False,False
720,Васильев Артем Александрович,2022-12-01,Декабрь 2022,58255.0,0.0,0.0,False,False
228,Васильев Артем Александрович,2022-12-01,Декабрь 2022,28200.0,33885.0,33885.0,False,False
242,Соколова Анастасия Викторовна,2022-12-01,Декабрь 2022,88850.0,83880.0,90965.0,False,False
471,Васильев Артем Александрович,2022-12-01,Декабрь 2022,74986.18,63305.1,69513.19,False,False
596,Васильев Артем Александрович,2022-12-01,Декабрь 2022,29960.0,0.0,0.0,False,False
714,Попова Екатерина Николаевна,2022-12-01,Декабрь 2022,0.0,0.0,0.0,False,False
266,Соколова Анастасия Викторовна,2022-12-01,Декабрь 2022,45950.0,0.0,46995.0,False,False
498,Васильев Артем Александрович,2022-12-01,Декабрь 2022,74650.0,0.0,0.0,False,False
703,Васильев Артем Александрович,2022-12-01,Декабрь 2022,72900.0,60900.0,0.0,False,False
524,Иванова Мария Сергеевна,2022-12-01,Декабрь 2022,296130.71,243591.67,0.0,False,False
274,Соколова Анастасия Викторовна,2022-12-01,Декабрь 2022,170268.0,170268.0,170268.0,False,False
281,Михайлов Андрей Сергеевич,2022-12-01,Декабрь 2022,93250.0,82800.0,109000.0,False,False
583,Михайлов Андрей Сергеевич,2022-12-01,Декабрь 2022,107275.0,76450.0,74425.0,False,False
697,Васильев Артем Александрович,2022-12-01,Декабрь 2022,71000.0,0.0,121500.0,False,False
626,Васильев Артем Александрович,2022-12-01,Декабрь 2022,0.0,0.0,0.0,True,False
684,Васильев Артем Александрович,2023-01-01,Январь 2023,0.0,0.0,0.0,False,False
708,Васильев Артем Александрович,2023-01-01,Январь 2023,660475.0,752515.0,795090.0,False,False
548,Михайлов Андрей Сергеевич,2023-01-01,Январь 2023,674000.0,674000.0,0.0,False,False
493,Смирнова Ольга Владимировна,2023-01-01,Январь 2023,48000.0,0.0,55225.0,False,False
674,Попова Екатерина Николаевна,2023-01-01,Январь 2023,127777.0,0.0,0.0,False,False
728,Попова Екатерина Николаевна,2023-01-01,Январь 2023,780000.0,0.0,0.0,False,True
624,Попова Екатерина Николаевна,2023-01-01,Январь 2023,30400.0,0.0,0.0,False,False
107,Васильев Артем Александрович,2023-01-01,Январь 2023,34850.0,0.0,67774.08,False,False
721,Попова Екатерина Николаевна,2023-01-01,Январь 2023,35700.0,0.0,0.0,False,False
509,Соколова Анастасия Викторовна,2023-01-01,Январь 2023,161085.0,137155.0,94195.0,False,False
649,Соколова Анастасия Викторовна,2023-01-01,Январь 2023,126050.0,0.0,0.0,False,False
671,Соколова Анастасия Викторовна,2023-01-01,Январь 2023,108230.0,0.0,0.0,False,False
687,Соколова Анастасия Викторовна,2023-01-01,Январь 2023,99958.5,0.0,0.0,False,False
519,Соколова Анастасия Викторовна,2023-01-01,Январь 2023,88975.0,0.0,0.0,False,False
629,Кузнецов Михаил Иванович,2023-01-01,Январь 2023,66255.0,56115.0,104976.0,False,False
547,Михайлов Андрей Сергеевич,2023-01-01,Январь 2023,226420.0,139660.0,165540.0,False,False
230,Соколова Анастасия Викторовна,2023-01-01,Январь 2023,0.0,0.0,0.0,False,False
703,Васильев Артем Александрович,2023-01-01,Январь 2023,60900.0,0.0,0.0,False,False
697,Васильев Артем Александрович,2023-01-01,Январь 2023,71000.0,121500.0,119250.0,False,True
732,Кузнецов Михаил Иванович,2023-01-01,Январь 2023,0.0,0.0,0.0,False,False
529,Васильев Артем Александрович,2023-02-01,Февраль 2023,76500.0,0.0,0.0,False,False
348,Попова Екатерина Николаевна,2023-02-01,Февраль 2023,14860.0,0.0,17740.0,False,False
453,Васильев Артем Александрович,2023-02-01,Февраль 2023,177635.0,0.0,0.0,False,False
429,Соколова Анастасия Викторовна,2023-02-01,Февраль 2023,42830.0,0.0,0.0,False,False
381,Иванова Мария Сергеевна,2023-02-01,Февраль 2023,0.0,0.0,0.0,False,False
556,Иванова Мария Сергеевна,2023-02-01,Февраль 2023,0.0,0.0,0.0,True,False
600,Васильев Артем Александрович,2023-02-01,Февраль 2023,258933.0,224337.0,232805.0,False,False
640,Попова Екатерина Николаевна,2023-02-01,Февраль 2023,78065.0,0.0,0.0,False,False
101,Попова Екатерина Николаевна,2023-02-01,Февраль 2023,0.0,0.0,0.0,True,False
690,Соколова Анастасия Викторовна,2023-02-01,Февраль 2023,80085.0,79045.0,81310.0,False,False
653,Васильев Артем Александрович,2023-02-01,Февраль 2023,70445.0,0.0,0.0,False,False
744,Васильев Артем Александрович,2023-02-01,Февраль 2023,91664.42,92754.55,44550.0,False,False
154,Попова Екатерина Николаевна,2023-02-01,Февраль 2023,57545.0,67545.0,57545.0,False,False
174,Иванова Мария Сергеевна,2023-02-01,Февраль 2023,127200.0,0.0,0.0,False,False
667,Васильев Артем Александрович,2023-02-01,Февраль 2023,48715.0,49610.0,49850.0,False,False
180,Попова Екатерина Николаевна,2023-02-01,Февраль 2023,182880.0,162835.0,191320.0,True,False
633,Васильев Артем Александрович,2023-02-01,Февраль 2023,40200.0,0.0,40200.0,False,False
190,Васильев Артем Александрович,2023-02-01,Февраль 2023,171260.0,150220.0,148220.0,False,False
714,Попова Екатерина Николаевна,2023-02-01,Февраль 2023,0.0,0.0,0.0,False,False
301,Попова Екатерина Николаевна,2023-02-01,Февраль 2023,49515.0,31700.0,82325.0,False,False
691,Соколова Анастасия Викторовна,2023-02-01,Февраль 2023,60345.0,59980.0,56655.0,False,False
273,Соколова Анастасия Викторовна,2023-02-01,Февраль 2023,106800.0,133405.0,131405.0,False,False
15,Иванова Мария Сергеевна,2023-02-01,Февраль 2023,102433.75,102433.75,138158.0,False,False
649,Соколова Анастасия Викторовна,2023-02-01,Февраль 2023,0.0,0.0,0.0,False,False
671,Соколова Анастасия Викторовна,2023-02-01,Февраль 2023,0.0,0.0,0.0,False,False
629,Васильев Артем Александрович,2023-02-01,Февраль 2023,56115.0,104976.0,94329.0,False,False
785,Михайлов Андрей Сергеевич,2023-02-01,Февраль 2023,5306.6,12898.1,5287.0,False,False
732,Кузнецов Михаил Иванович,2023-02-01,Февраль 2023,0.0,0.0,0.0,False,False
530,Васильев Артем Александрович,2023-03-01,Март 2023,48280.0,0.0,0.0,False,False
549,Васильев Артем Александрович,2023-03-01,Март 2023,53884.0,0.0,0.0,False,False
492,Смирнова Ольга Владимировна,2023-03-01,Март 2023,59390.0,56235.0,62770.0,False,False
686,Васильев Артем Александрович,2023-03-01,Март 2023,86496.5,0.0,0.0,False,False
726,Попова Екатерина Николаевна,2023-03-01,Март 2023,58380.0,45550.0,92985.0,False,False
56,Васильев Артем Александрович,2023-03-01,Март 2023,25672.5,0.0,0.0,False,False
783,Михайлов Андрей Сергеевич,2023-03-01,Март 2023,35000.0,35000.0,35000.0,False,False
728,Попова Екатерина Николаевна,2023-03-01,Март 2023,0.0,0.0,0.0,False,True
112,Иванова Мария Сергеевна,2023-03-01,Март 2023,240800.0,90090.0,117090.0,False,False
744,Васильев Артем Александрович,2023-03-01,Март 2023,92754.55,44550.0,55377.3,False,False
667,Васильев Артем Александрович,2023-03-01,Март 2023,49610.0,49850.0,0.0,False,False
692,Попова Екатерина Николаевна,2023-03-01,Март 2023,46380.0,0.0,0.0,False,False
647,Попова Екатерина Николаевна,2023-03-01,Март 2023,85135.0,0.0,0.0,False,False
683,Соколова Анастасия Викторовна,2023-03-01,Март 2023,49795.0,0.0,0.0,False,False
506,Иванова Мария Сергеевна,2023-03-01,Март 2023,257700.0,0.0,0.0,False,False
540,Иванова Мария Сергеевна,2023-03-01,Март 2023,221040.0,0.0,0.0,False,False
646,Кузнецов Михаил Иванович,2023-03-01,Март 2023,1425.0,0.0,0.0,False,False
768,Смирнова Ольга Владимировна,2023-03-01,Март 2023,33685.0,33685.0,33685.0,False,False
713,Попова Екатерина Николаевна,2023-03-01,Март 2023,63570.0,65520.0,65315.0,False,False
244,Васильев Артем Александрович,2023-03-01,Март 2023,324600.0,324600.0,328020.0,False,False
562,Васильев Артем Александрович,2023-03-01,Март 2023,85120.0,85120.0,69940.0,False,False
682,Васильев Артем Александрович,2023-03-01,Март 2023,276007.9,0.0,0.0,False,False
682,Васильев Артем Александрович,2023-03-01,Март 2023,276007.9,0.0,0.0,False,False
274,Соколова Анастасия Викторовна,2023-03-01,Март 2023,170268.0,201870.0,201870.0,False,False
697,Васильев Артем Александрович,2023-03-01,Март 2023,119250.0,0.0,0.0,False,False
697,Васильев Артем Александрович,2023-03-01,Март 2023,119250.0,0.0,0.0,False,False
580,Михайлов Андрей Сергеевич,2023-03-01,Март 2023,42937.1,50640.35,57901.14,False,False
15,Иванова Мария Сергеевна,2023-03-01,Март 2023,102433.75,138158.0,138158.0,False,False
789,Васильев Артем Александрович,2023-03-01,Март 2023,44100.0,58240.0,0.0,False,False
797,Соколова Анастасия Викторовна,2023-03-01,Март 2023,110895.0,119535.0,114530.0,False,False
798,Соколова Анастасия Викторовна,2023-03-01,Март 2023,67495.0,103280.0,60220.0,False,False
799,Попова Екатерина Николаевна,2023-03-01,Март 2023,69450.0,0.0,0.0,False,False
800,Попова Екатерина Николаевна,2023-03-01,Март 2023,60930.0,0.0,0.0,False,False
708,Васильев Артем Александрович,2023-04-01,Апрель 2023,683985.0,145465.0,163900.0,False,False
48,Васильев Артем Александрович,2023-04-01,Апрель 2023,39726.0,0.0,0.0,False,False
495,Васильев Артем Александрович,2023-04-01,Апрель 2023,38632.5,0.0,38632.5,False,False
787,Васильев Артем Александрович,2023-04-01,Апрель 2023,0.0,121800.0,68600.0,False,False
675,Попова Екатерина Николаевна,2023-04-01,Апрель 2023,131860.0,0.0,0.0,False,False
154,Попова Екатерина Николаевна,2023-04-01,Апрель 2023,57545.0,57545.0,79545.0,False,False
663,Васильев Артем Александрович,2023-04-01,Апрель 2023,0.0,0.0,0.0,True,False
743,Попова Екатерина Николаевна,2023-04-01,Апрель 2023,50755.0,50755.0,50755.0,False,False
781,Михайлов Андрей Сергеевич,2023-04-01,Апрель 2023,241780.0,321769.75,337482.75,False,False
782,Михайлов Андрей Сергеевич,2023-04-01,Апрель 2023,0.0,0.0,0.0,False,False
740,Соколова Анастасия Викторовна,2023-04-01,Апрель 2023,48450.0,24470.0,0.0,False,False
15,Иванова Мария Сергеевна,2023-04-01,Апрель 2023,138158.0,138158.0,102433.75,False,False
348,Попова Екатерина Николаевна,2023-04-01,Апрель 2023,17740.0,16685.0,16685.0,False,False
788,Соколова Анастасия Викторовна,2023-04-01,Апрель 2023,0.0,0.0,0.0,True,False
600,Васильев Артем Александрович,2023-04-01,Апрель 2023,232805.0,213199.0,257800.0,False,False
600,Васильев Артем Александрович,2023-04-01,Апрель 2023,232805.0,213199.0,257800.0,False,False
728,Попова Екатерина Николаевна,2023-04-01,Апрель 2023,0.0,0.0,0.0,True,False
712,Попова Екатерина Николаевна,2023-04-01,Апрель 2023,40180.0,41070.0,43980.0,False,False
798,Соколова Анастасия Викторовна,2023-04-01,Апрель 2023,103280.0,60220.0,76710.0,False,False
667,Васильев Артем Александрович,2023-04-01,Апрель 2023,49850.0,0.0,0.0,False,False
633,Васильев Артем Александрович,2023-04-01,Апрель 2023,40200.0,40200.0,166465.0,False,False
825,Соколова Анастасия Викторовна,2023-04-01,Апрель 2023,205000.0,0.0,0.0,False,False
361,Попова Екатерина Николаевна,2023-04-01,Апрель 2023,136490.0,153090.0,131965.0,False,False
244,Васильев Артем Александрович,2023-04-01,Апрель 2023,324600.0,328020.0,328020.0,False,False
562,Васильев Артем Александрович,2023-04-01,Апрель 2023,85120.0,69940.0,69940.0,False,False
547,Михайлов Андрей Сергеевич,2023-04-01,Апрель 2023,168680.0,166520.0,83360.0,False,False
804,Попова Екатерина Николаевна,2023-04-01,Апрель 2023,29795.0,32355.0,35460.0,False,False
838,Васильев Артем Александрович,2023-04-01,Апрель 2023,550000.0,0.0,0.0,False,False
771,Васильев Артем Александрович,2023-05-01,Май 2023,104768.0,104768.0,104768.0,False,False
107,Васильев Артем Александрович,2023-05-01,Май 2023,54832.0,47165.28,71542.0,False,False
690,Смирнова Ольга Владимировна,2023-05-01,Май 2023,0.0,51395.0,51395.0,True,False
765,Смирнова Ольга Владимировна,2023-05-01,Май 2023,64695.0,0.0,0.0,False,False
294,Смирнова Ольга Владимировна,2023-05-01,Май 2023,69699.35,0.0,69385.0,False,False
814,Васильев Артем Александрович,2023-05-01,Май 2023,132686.0,0.0,0.0,False,False
796,Попова Екатерина Николаевна,2023-05-01,Май 2023,39810.0,0.0,0.0,False,False
853,Васильев Артем Александрович,2023-05-01,Май 2023,0.0,0.0,0.0,False,False
563,Иванова Мария Сергеевна,2023-05-01,Май 2023,65050.0,0.0,0.0,False,False
829,Попова Екатерина Николаевна,2023-05-01,Май 2023,0.0,0.0,38900.0,False,True
837,Васильев Артем Александрович,2023-05-01,Май 2023,98000.0,0.0,0.0,False,False
775,Иванова Мария Сергеевна,2023-05-01,Май 2023,70745.0,0.0,0.0,False,False
813,Иванова Мария Сергеевна,2023-05-01,Май 2023,23590.0,0.0,0.0,False,False
842,Иванова Мария Сергеевна,2023-05-01,Май 2023,87570.0,0.0,0.0,False,False
843,Иванова Мария Сергеевна,2023-05-01,Май 2023,20890.0,0.0,0.0,False,False
844,Иванова Мария Сергеевна,2023-05-01,Май 2023,19045.0,0.0,0.0,False,False
845,Иванова Мария Сергеевна,2023-05-01,Май 2023,19940.0,0.0,0.0,False,False
301,Попова Екатерина Николаевна,2023-05-01,Май 2023,37100.0,0.0,0.0,False,False
281,Соколова Анастасия Викторовна,2023-05-01,Май 2023,94700.0,129740.0,117730.0,False,False
855,Соколова Анастасия Викторовна,2023-05-01,Май 2023,12175.0,0.0,0.0,False,False
583,Соколова Анастасия Викторовна,2023-05-01,Май 2023,62405.0,0.0,0.0,False,False
585,Михайлов Андрей Сергеевич,2023-05-01,Май 2023,196925.18,0.0,0.0,False,False
15,Иванова Мария Сергеевна,2023-06-01,Июнь 2023,102433.75,0.0,0.0,False,False
569,Иванова Мария Сергеевна,2023-06-01,Июнь 2023,36415.0,45435.0,51765.0,False,False
719,Васильев Артем Александрович,2023-06-01,Июнь 2023,55100.0,64355.0,58355.0,False,False
711,Васильев Артем Александрович,2023-06-01,Июнь 2023,0.0,0.0,0.0,False,False
832,Васильев Артем Александрович,2023-06-01,Июнь 2023,91257.6,0.0,0.0,False,False
55,Иванова Мария Сергеевна,2023-06-01,Июнь 2023,45868.5,0.0,0.0,False,False
783,Соколова Анастасия Викторовна,2023-06-01,Июнь 2023,35000.0,50000.0,50000.0,False,False
441,Васильев Артем Александрович,2023-06-01,Июнь 2023,74360.0,0.0,0.0,False,False
792,Васильев Артем Александрович,2023-06-01,Июнь 2023,1400.0,94050.0,94050.0,False,False
847,Попова Екатерина Николаевна,2023-06-01,Июнь 2023,210195.0,0.0,0.0,False,False
87,Иванова Мария Сергеевна,2023-06-01,Июнь 2023,72485.0,0.0,0.0,False,False
600,Васильев Артем Александрович,2023-06-01,Июнь 2023,257800.0,0.0,0.0,False,False
787,Васильев Артем Александрович,2023-06-01,Июнь 2023,68600.0,0.0,0.0,False,False
112,Иванова Мария Сергеевна,2023-06-01,Июнь 2023,117090.0,155090.0,162650.0,False,False
744,Васильев Артем Александрович,2023-06-01,Июнь 2023,40788.0,46861.0,49515.32,False,False
797,Соколова Анастасия Викторовна,2023-06-01,Июнь 2023,111790.0,115900.0,115900.0,False,False
798,Соколова Анастасия Викторовна,2023-06-01,Июнь 2023,76710.0,72345.0,91255.0,False,False
337,Попова Екатерина Николаевна,2023-06-01,Июнь 2023,44165.0,30800.0,56975.0,False,False
858,Смирнова Ольга Владимировна,2023-06-01,Июнь 2023,0.0,0.0,0.0,False,True
633,Васильев Артем Александрович,2023-06-01,Июнь 2023,166465.0,166500.0,166500.0,False,False
768,Смирнова Ольга Владимировна,2023-06-01,Июнь 2023,33685.0,0.0,52315.0,False,False
610,Васильев Артем Александрович,2023-06-01,Июнь 2023,135985.0,149925.0,151145.0,False,False
857,Соколова Анастасия Викторовна,2023-06-01,Июнь 2023,321280.0,0.0,0.0,False,False
869,Михайлов Андрей Сергеевич,2023-06-01,Июнь 2023,79180.0,94820.0,0.0,False,False
807,Попова Екатерина Николаевна,2023-06-01,Июнь 2023,66300.0,0.0,0.0,False,False
884,Иванова Мария Сергеевна,2023-06-01,Июнь 2023,50000.0,0.0,0.0,False,False
691,Соколова Анастасия Викторовна,2023-06-01,Июнь 2023,58235.0,0.0,0.0,False,False
274,Соколова Анастасия Викторовна,2023-06-01,Июнь 2023,201870.0,262830.0,183630.0,False,False
806,Соколова Анастасия Викторовна,2023-06-01,Июнь 2023,71525.0,41500.0,0.0,False,False
740,Соколова Анастасия Викторовна,2023-06-01,Июнь 2023,0.0,0.0,0.0,True,False
871,Попова Екатерина Николаевна,2023-06-01,Июнь 2023,25000.0,0.0,0.0,False,True
789,Васильев Артем Александрович,2023-07-01,Июль 2023,28000.0,8400.0,15120.0,False,False
495,Иванова Мария Сергеевна,2023-07-01,Июль 2023,38632.5,0.0,0.0,False,False
553,Иванова Мария Сергеевна,2023-07-01,Июль 2023,146432.45,33307.63,0.0,False,False
848,Соколова Анастасия Викторовна,2023-07-01,Июль 2023,64390.0,69065.0,98690.0,False,False
346,Иванова Мария Сергеевна,2023-07-01,Июль 2023,60823.75,60206.25,60206.25,False,False
630,Смирнова Ольга Владимировна,2023-07-01,Июль 2023,32930.0,35855.0,39405.0,False,False
586,Попова Екатерина Николаевна,2023-07-01,Июль 2023,77330.0,0.0,0.0,False,False
154,Иванова Мария Сергеевна,2023-07-01,Июль 2023,57545.0,70545.0,57545.0,False,False
743,Попова Екатерина Николаевна,2023-07-01,Июль 2023,50755.0,54200.0,56100.0,False,False
830,Иванова Мария Сергеевна,2023-07-01,Июль 2023,0.0,0.0,0.0,True,False
727,Попова Екатерина Николаевна,2023-07-01,Июль 2023,52970.0,53920.0,52970.0,False,False
211,Васильев Артем Александрович,2023-07-01,Июль 2023,180000.0,135000.0,238500.0,False,False
808,Смирнова Ольга Владимировна,2023-07-01,Июль 2023,78000.0,73050.0,101020.0,False,False
823,Попова Екатерина Николаевна,2023-07-01,Июль 2023,44225.0,0.0,0.0,False,False
786,Васильев Артем Александрович,2023-07-01,Июль 2023,239500.0,0.0,0.0,False,False
851,Смирнова Ольга Владимировна,2023-07-01,Июль 2023,71410.0,0.0,0.0,False,False
891,Соколова Анастасия Викторовна,2023-07-01,Июль 2023,126447.63,0.0,0.0,False,False
904,Соколова Анастасия Викторовна,2023-07-01,Июль 2023,13194.5,0.0,0.0,False,False
633,Васильев Артем Александрович,2023-07-01,Июль 2023,166500.0,166500.0,0.0,False,False
901,Васильев Артем Александрович,2023-07-01,Июль 2023,35000.0,0.0,0.0,False,False
907,без А/М,2023-07-01,Июль 2023,0.0,0.0,0.0,False,False
897,Смирнова Ольга Владимировна,2023-07-01,Июль 2023,110000.0,0.0,0.0,False,False
274,Соколова Анастасия Викторовна,2023-07-01,Июль 2023,262830.0,183630.0,0.0,False,False
580,Соколова Анастасия Викторовна,2023-08-01,Август 2023,64219.76,0.0,0.0,False,True
719,Васильев Артем Александрович,2023-08-01,Август 2023,58355.0,0.0,0.0,False,False
850,Васильев Артем Александрович,2023-08-01,Август 2023,80505.0,80505.0,78660.0,False,False
107,Васильев Артем Александрович,2023-08-01,Август 2023,51910.74,60269.0,58485.96,False,False
109,Васильев Артем Александрович,2023-08-01,Август 2023,94000.0,94000.0,94000.0,False,False
848,Смирнова Ольга Владимировна,2023-08-01,Август 2023,69065.0,98690.0,96435.0,False,False
337,Попова Екатерина Николаевна,2023-08-01,Август 2023,56975.0,0.0,0.0,False,False
180,Попова Екатерина Николаевна,2023-08-01,Август 2023,192375.0,0.0,163359.0,True,False
865,Смирнова Ольга Владимировна,2023-08-01,Август 2023,36883.54,39561.45,0.0,False,False
854,Соколова Анастасия Викторовна,2023-08-01,Август 2023,67331.37,0.0,0.0,False,False
874,Соколова Анастасия Викторовна,2023-08-01,Август 2023,153884.1,142458.97,0.0,False,False
673,Попова Екатерина Николаевна,2023-08-01,Август 2023,228345.0,223145.0,223145.0,False,False
803,Смирнова Ольга Владимировна,2023-08-01,Август 2023,121930.0,0.0,0.0,False,False
648,Соколова Анастасия Викторовна,2023-08-01,Август 2023,45775.0,0.0,0.0,False,False
889,Васильев Артем Александрович,2023-08-01,Август 2023,64940.0,0.0,0.0,False,False
268,Смирнова Ольга Владимировна,2023-08-01,Август 2023,137500.0,141435.0,125645.0,False,False
274,Соколова Анастасия Викторовна,2023-08-01,Август 2023,183630.0,0.0,0.0,False,False
781,Михайлов Андрей Сергеевич,2023-08-01,Август 2023,333853.75,0.0,0.0,False,False
916,Васильев Артем Александрович,2023-08-01,Август 2023,763110.0,0.0,0.0,False,False
929,Васильев Артем Александрович,2023-08-01,Август 2023,82220.0,0.0,82020.0,False,False
914,Иванова Мария Сергеевна,2023-08-01,Август 2023,131945.0,131645.0,131645.0,False,False
923,Соколова Анастасия Викторовна,2023-08-01,Август 2023,32750.0,0.0,0.0,False,False
633,Васильев Артем Александрович,2023-08-01,Август 2023,166500.0,0.0,0.0,False,False
713,Иванова Мария Сергеевна,2023-08-01,Август 2023,0.0,0.0,0.0,True,False
829,Попова Екатерина Николаевна,2023-08-01,Август 2023,13400.0,0.0,0.0,False,False
846,Иванова Мария Сергеевна,2023-08-01,Август 2023,74795.0,74795.0,74795.0,False,False
348,Попова Екатерина Николаевна,2023-09-01,Сентябрь 2023,16685.0,0.0,21400.0,False,False
492,Смирнова Ольга Владимировна,2023-09-01,Сентябрь 2023,68685.0,0.0,0.0,False,False
708,Васильев Артем Александрович,2023-09-01,Сентябрь 2023,191185.0,355915.0,356355.0,False,False
819,Соколова Анастасия Викторовна,2023-09-01,Сентябрь 2023,99010.0,0.0,0.0,False,False
726,Попова Екатерина Николаевна,2023-09-01,Сентябрь 2023,46765.0,46200.0,36675.0,False,False
792,Васильев Артем Александрович,2023-09-01,Сентябрь 2023,94050.0,0.0,0.0,False,False
898,Смирнова Ольга Владимировна,2023-09-01,Сентябрь 2023,0.0,0.0,0.0,True,False
86,Попова Екатерина Николаевна,2023-09-01,Сентябрь 2023,55818.26,0.0,0.0,False,False
676,Смирнова Ольга Владимировна,2023-09-01,Сентябрь 2023,556023.25,773663.75,776195.25,False,False
876,Васильев Артем Александрович,2023-09-01,Сентябрь 2023,34090.0,0.0,0.0,False,False
877,Васильев Артем Александрович,2023-09-01,Сентябрь 2023,33725.0,0.0,0.0,False,False
878,Васильев Артем Александрович,2023-09-01,Сентябрь 2023,33200.0,0.0,0.0,False,False
112,Михайлов Андрей Сергеевич,2023-09-01,Сентябрь 2023,162650.0,132410.0,132410.0,False,False
668,Попова Екатерина Николаевна,2023-09-01,Сентябрь 2023,124500.0,124500.0,124500.0,False,False
744,Кузнецов Михаил Иванович,2023-09-01,Сентябрь 2023,43951.06,57510.64,63584.0,False,False
801,Попова Екатерина Николаевна,2023-09-01,Сентябрь 2023,154572.82,96969.6,94652.57,False,False
821,Попова Екатерина Николаевна,2023-09-01,Сентябрь 2023,110380.0,107821.2,106491.2,False,False
921,Смирнова Ольга Владимировна,2023-09-01,Сентябрь 2023,0.0,0.0,0.0,True,False
797,Соколова Анастасия Викторовна,2023-09-01,Сентябрь 2023,115900.0,185000.0,185000.0,False,False
798,Соколова Анастасия Викторовна,2023-09-01,Сентябрь 2023,112215.0,113000.0,129800.0,False,False
920,Соколова Анастасия Викторовна,2023-09-01,Сентябрь 2023,15678.25,0.0,0.0,False,False
888,Соколова Анастасия Викторовна,2023-09-01,Сентябрь 2023,154490.0,209610.0,276175.0,False,False
361,Смирнова Ольга Владимировна,2023-09-01,Сентябрь 2023,133985.0,148040.0,143490.0,False,False
361,Попова Екатерина Николаевна,2023-09-01,Сентябрь 2023,133985.0,148040.0,143490.0,False,False
912,Смирнова Ольга Владимировна,2023-09-01,Сентябрь 2023,70025.0,0.0,0.0,False,False
547,Михайлов Андрей Сергеевич,2023-09-01,Сентябрь 2023,166320.0,166690.0,117280.0,False,False
872,Попова Екатерина Николаевна,2023-09-01,Сентябрь 2023,39495.0,36515.0,36515.0,False,False
969,Попова Екатерина Николаевна,2023-09-01,Сентябрь 2023,40225.0,0.0,0.0,False,False
789,Васильев Артем Александрович,2023-09-01,Сентябрь 2023,15120.0,0.0,0.0,False,False
783,Соколова Анастасия Викторовна,2023-09-01,Сентябрь 2023,50000.0,50000.0,50000.0,False,False
771,Смирнова Ольга Владимировна,2023-09-01,Сентябрь 2023,118416.0,114800.0,114800.0,False,False
859,Смирнова Ольга Владимировна,2023-09-01,Сентябрь 2023,0.0,0.0,0.0,True,False
934,Смирнова Ольга Владимировна,2023-09-01,Сентябрь 2023,22020.0,19865.0,19865.0,False,False
960,Соколова Анастасия Викторовна,2023-09-01,Сентябрь 2023,35000.0,0.0,0.0,False,False
154,Соколова Анастасия Викторовна,2023-09-01,Сентябрь 2023,57545.0,80100.0,75100.0,False,False
914,Соколова Анастасия Викторовна,2023-09-01,Сентябрь 2023,131645.0,131645.0,0.0,False,False
865,Смирнова Ольга Владимировна,2023-09-01,Сентябрь 2023,39561.45,0.0,0.0,False,False
874,Соколова Анастасия Викторовна,2023-09-01,Сентябрь 2023,142458.97,0.0,0.0,False,False
946,Попова Екатерина Николаевна,2023-09-01,Сентябрь 2023,64400.0,64400.0,64400.0,False,False
831,Иванова Мария Сергеевна,2023-09-01,Сентябрь 2023,0.0,0.0,0.0,True,False
782,Михайлов Андрей Сергеевич,2023-09-01,Сентябрь 2023,316620.75,0.0,0.0,False,False
933,Михайлов Андрей Сергеевич,2023-09-01,Сентябрь 2023,20440.0,0.0,0.0,False,False
83,Смирнова Ольга Владимировна,2023-10-01,Октябрь 2023,0.0,0.0,0.0,True,False
460,Смирнова Ольга Владимировна,2023-10-01,Октябрь 2023,0.0,0.0,0.0,True,False
963,Васильев Артем Александрович,2023-10-01,Октябрь 2023,0.0,0.0,0.0,False,False
748,Васильев Артем Александрович,2023-10-01,Октябрь 2023,230035.0,227185.0,227660.0,False,False
630,Смирнова Ольга Владимировна,2023-10-01,Октябрь 2023,32375.0,28175.0,0.0,False,False
841,Кузнецов Михаил Иванович,2023-10-01,Октябрь 2023,85526.47,87880.0,101823.39,False,False
743,Смирнова Ольга Владимировна,2023-10-01,Октябрь 2023,56100.0,64400.0,66800.0,False,False
822,Васильев Артем Александрович,2023-10-01,Октябрь 2023,98527.5,0.0,87540.0,False,False
935,Соколова Анастасия Викторовна,2023-10-01,Октябрь 2023,190000.0,0.0,0.0,False,False
768,Смирнова Ольга Владимировна,2023-10-01,Октябрь 2023,23540.0,0.0,0.0,False,False
931,Смирнова Ольга Владимировна,2023-10-01,Октябрь 2023,17775.0,0.0,0.0,False,False
940,Смирнова Ольга Владимировна,2023-10-01,Октябрь 2023,61200.0,79655.0,103293.3,False,False
941,Смирнова Ольга Владимировна,2023-10-01,Октябрь 2023,26200.0,0.0,26900.0,False,False
707,Соколова Анастасия Викторовна,2023-10-01,Октябрь 2023,65700.0,69190.0,70230.0,False,False
956,Васильев Артем Александрович,2023-10-01,Октябрь 2023,61000.0,61000.0,55000.0,False,False
852,Васильев Артем Александрович,2023-10-01,Октябрь 2023,0.0,0.0,0.0,True,False
947,Васильев Артем Александрович,2023-10-01,Октябрь 2023,106346.0,70709.0,107411.0,False,False
977,Кузнецов Михаил Иванович,2023-10-01,Октябрь 2023,78600.0,68600.0,68600.0,False,False
972,Васильев Артем Александрович,2023-10-01,Октябрь 2023,0.0,0.0,0.0,True,False
943,Смирнова Ольга Владимировна,2023-10-01,Октябрь 2023,0.0,0.0,0.0,True,False
929,Васильев Артем Александрович,2023-10-01,Октябрь 2023,82020.0,0.0,0.0,False,False
914,Соколова Анастасия Викторовна,2023-10-01,Октябрь 2023,131645.0,0.0,0.0,False,False
519,Кузнецов Михаил Иванович,2023-10-01,Октябрь 2023,166250.0,0.0,0.0,False,False
932,Смирнова Ольга Владимировна,2023-10-01,Октябрь 2023,54300.0,54800.0,0.0,False,False
978,Михайлов Андрей Сергеевич,2023-11-01,Ноябрь 2023,50640.0,0.0,0.0,False,False
793,Кузнецов Михаил Иванович,2023-11-01,Ноябрь 2023,69896.06,0.0,0.0,False,False
48,Смирнова Ольга Владимировна,2023-11-01,Ноябрь 2023,39726.0,0.0,45175.5,False,False
107,Кузнецов Михаил Иванович,2023-11-01,Ноябрь 2023,59885.85,65222.34,60505.74,False,False
910,Смирнова Ольга Владимировна,2023-11-01,Ноябрь 2023,0.0,0.0,0.0,False,False
690,Смирнова Ольга Владимировна,2023-11-01,Ноябрь 2023,0.0,0.0,0.0,True,False
934,Смирнова Ольга Владимировна,2023-11-01,Ноябрь 2023,19865.0,0.0,0.0,False,False
712,Смирнова Ольга Владимировна,2023-11-01,Ноябрь 2023,44870.0,40970.0,40970.0,False,False
927,Смирнова Ольга Владимировна,2023-11-01,Ноябрь 2023,51850.0,0.0,0.0,False,False
817,Попова Екатерина Николаевна,2023-11-01,Ноябрь 2023,67855.0,67850.0,67850.0,False,False
896,Попова Екатерина Николаевна,2023-11-01,Ноябрь 2023,0.0,0.0,0.0,False,True
797,Соколова Анастасия Викторовна,2023-11-01,Ноябрь 2023,185000.0,192000.0,192000.0,False,False
798,Соколова Анастасия Викторовна,2023-11-01,Ноябрь 2023,129800.0,127400.0,116600.0,False,False
888,Соколова Анастасия Викторовна,2023-11-01,Ноябрь 2023,276175.0,273970.0,267985.0,False,False
998,Попова Екатерина Николаевна,2023-11-01,Ноябрь 2023,45205.0,0.0,41050.0,False,False
932,Смирнова Ольга Владимировна,2023-11-01,Ноябрь 2023,54800.0,0.0,0.0,False,False
369,Васильев Артем Александрович,2023-11-01,Ноябрь 2023,0.0,0.0,0.0,True,False
244,Васильев Артем Александрович,2023-11-01,Ноябрь 2023,0.0,0.0,0.0,True,False
562,Васильев Артем Александрович,2023-11-01,Ноябрь 2023,0.0,0.0,0.0,True,False
886,Васильев Артем Александрович,2023-11-01,Ноябрь 2023,0.0,0.0,0.0,True,False
866,Соколова Анастасия Викторовна,2023-11-01,Ноябрь 2023,103070.0,0.0,0.0,False,False
997,Соколова Анастасия Викторовна,2023-11-01,Ноябрь 2023,0.0,0.0,0.0,False,False
954,Соколова Анастасия Викторовна,2023-11-01,Ноябрь 2023,135000.0,35000.0,0.0,False,False
873,Попова Екатерина Николаевна,2023-11-01,Ноябрь 2023,0.0,0.0,0.0,True,False
900,Смирнова Ольга Владимировна,2023-11-01,Ноябрь 2023,0.0,0.0,0.0,True,False
273,Соколова Анастасия Викторовна,2023-11-01,Ноябрь 2023,131405.0,131405.0,131405.0,False,False
899,Васильев Артем Александрович,2023-11-01,Ноябрь 2023,44100.0,0.0,0.0,False,False
1015,Смирнова Ольга Владимировна,2023-11-01,Ноябрь 2023,163700.0,15000.0,0.0,False,False
940,Смирнова Ольга Владимировна,2023-11-01,Ноябрь 2023,79655.0,103293.3,61093.3,False,False
977,Кузнецов Михаил Иванович,2023-11-01,Ноябрь 2023,68600.0,68600.0,68600.0,False,False
630,Смирнова Ольга Владимировна,2023-11-01,Ноябрь 2023,28175.0,0.0,0.0,False,False
914,Соколова Анастасия Викторовна,2023-11-01,Ноябрь 2023,0.0,0.0,0.0,True,False
976,Соколова Анастасия Викторовна,2023-11-01,Ноябрь 2023,0.0,0.0,0.0,True,False
1012,Петрова Анна Дмитриевна,2023-11-01,Ноябрь 2023,98492.0,109442.52,0.0,False,False
199,Кузнецов Михаил Иванович,2023-11-01,Ноябрь 2023,0.0,0.0,0.0,True,False
519,Кузнецов Михаил Иванович,2023-11-01,Ноябрь 2023,0.0,0.0,0.0,True,False
889,Васильев Артем Александрович,2023-11-01,Ноябрь 2023,64620.0,0.0,0.0,False,False
956,Васильев Артем Александрович,2023-11-01,Ноябрь 2023,61000.0,55000.0,0.0,False,False
851,Смирнова Ольга Владимировна,2023-11-01,Ноябрь 2023,71410.0,40825.0,40825.0,False,False
1001,Кузнецов Михаил Иванович,2023-11-01,Ноябрь 2023,290000.0,0.0,0.0,False,False
448,Кузнецов Михаил Иванович,2023-12-01,Декабрь 2023,155875.95,87743.0,134421.5,False,False
569,Кузнецов Михаил Иванович,2023-12-01,Декабрь 2023,47100.0,56900.0,59700.0,False,False
597,Васильев Артем Александрович,2023-12-01,Декабрь 2023,187620.0,210558.46,219853.34,False,False
947,Васильев Артем Александрович,2023-12-01,Декабрь 2023,107411.0,0.0,0.0,False,False
708,Васильев Артем Александрович,2023-12-01,Декабрь 2023,357250.0,0.0,0.0,False,False
850,Васильев Артем Александрович,2023-12-01,Декабрь 2023,76170.0,106433.0,106433.0,False,False
958,Федорова Марина Васильевна,2023-12-01,Декабрь 2023,50250.0,0.0,0.0,False,False
962,Смирнова Ольга Владимировна,2023-12-01,Декабрь 2023,46700.0,0.0,0.0,False,False
39,Попова Екатерина Николаевна,2023-12-01,Декабрь 2023,149206.5,0.0,0.0,False,False
742,Попова Екатерина Николаевна,2023-12-01,Декабрь 2023,130750.0,147680.0,151180.0,False,False
772,Попова Екатерина Николаевна,2023-12-01,Декабрь 2023,62360.0,75800.0,75800.0,False,False
45,Попова Екатерина Николаевна,2023-12-01,Декабрь 2023,77530.0,0.0,0.0,False,False
46,Смирнова Ольга Владимировна,2023-12-01,Декабрь 2023,39298.5,0.0,0.0,False,False
49,Смирнова Ольга Владимировна,2023-12-01,Декабрь 2023,84582.0,0.0,0.0,False,False
54,Смирнова Ольга Владимировна,2023-12-01,Декабрь 2023,50949.0,0.0,0.0,False,False
966,Смирнова Ольга Владимировна,2023-12-01,Декабрь 2023,75700.0,65800.0,67000.0,False,False
975,Смирнова Ольга Владимировна,2023-12-01,Декабрь 2023,54828.0,59773.5,61006.5,False,False
925,Смирнова Ольга Владимировна,2023-12-01,Декабрь 2023,156040.0,120025.0,43922.5,False,False
783,Соколова Анастасия Викторовна,2023-12-01,Декабрь 2023,25000.0,0.0,0.0,False,False
109,Васильев Артем Александрович,2023-12-01,Декабрь 2023,94000.0,0.0,0.0,False,False
748,Васильев Артем Александрович,2023-12-01,Декабрь 2023,227660.0,0.0,156550.0,False,False
112,Михайлов Андрей Сергеевич,2023-12-01,Декабрь 2023,132410.0,0.0,136730.0,False,False
656,Смирнова Ольга Владимировна,2023-12-01,Декабрь 2023,156613.0,0.0,0.0,False,False
744,Кузнецов Михаил Иванович,2023-12-01,Декабрь 2023,62335.11,72307.0,0.0,False,False
801,Попова Екатерина Николаевна,2023-12-01,Декабрь 2023,93221.72,0.0,0.0,False,False
944,Смирнова Ольга Владимировна,2023-12-01,Декабрь 2023,0.0,0.0,0.0,True,False
887,Попова Екатерина Николаевна,2023-12-01,Декабрь 2023,94500.0,0.0,0.0,False,False
879,Смирнова Ольга Владимировна,2023-12-01,Декабрь 2023,124900.0,0.0,136450.0,False,False
818,Попова Екатерина Николаевна,2023-12-01,Декабрь 2023,294707.6,97525.0,109456.7,False,False
154,Соколова Анастасия Викторовна,2023-12-01,Декабрь 2023,90300.0,75200.0,82700.0,False,False
751,Васильев Артем Александрович,2023-12-01,Декабрь 2023,144950.0,106450.0,220150.0,False,False
747,Васильев Артем Александрович,2023-12-01,Декабрь 2023,16700.0,15750.0,22000.0,False,False
746,Васильев Артем Александрович,2023-12-01,Декабрь 2023,14700.0,3350.0,6550.0,False,False
749,Васильев Артем Александрович,2023-12-01,Декабрь 2023,19050.0,9200.0,10500.0,False,False
722,Попова Екатерина Николаевна,2023-12-01,Декабрь 2023,78515.0,84700.0,87900.0,False,False
743,Смирнова Ольга Владимировна,2023-12-01,Декабрь 2023,66800.0,66800.0,66800.0,False,False
915,Попова Екатерина Николаевна,2023-12-01,Декабрь 2023,175678.0,0.0,0.0,False,False
917,Попова Екатерина Николаевна,2023-12-01,Декабрь 2023,54700.0,0.0,0.0,False,False
918,Попова Екатерина Николаевна,2023-12-01,Декабрь 2023,77500.0,0.0,0.0,False,False
1006,Смирнова Ольга Владимировна,2023-12-01,Декабрь 2023,140495.0,0.0,0.0,False,False
979,Соколова Анастасия Викторовна,2023-12-01,Декабрь 2023,254936.21,0.0,0.0,False,False
190,Васильев Артем Александрович,2023-12-01,Декабрь 2023,137745.0,104025.0,123810.0,False,False
196,Кузнецов Михаил Иванович,2023-12-01,Декабрь 2023,26540.0,0.0,0.0,False,False
645,Кузнецов Михаил Иванович,2023-12-01,Декабрь 2023,16300.0,0.0,0.0,False,False
739,Смирнова Ольга Владимировна,2023-12-01,Декабрь 2023,80405.0,80405.0,54542.5,False,False
673,Попова Екатерина Николаевна,2023-12-01,Декабрь 2023,224885.0,226050.0,226050.0,False,False
752,Попова Екатерина Николаевна,2023-12-01,Декабрь 2023,45380.0,40000.0,42610.0,False,False
791,Васильев Артем Александрович,2023-12-01,Декабрь 2023,800000.0,729833.33,729833.33,False,False
610,Кузнецов Михаил Иванович,2023-12-01,Декабрь 2023,150535.0,150300.0,150300.0,False,False
629,Кузнецов Михаил Иванович,2023-12-01,Декабрь 2023,95850.0,0.0,0.0,False,False
228,Васильев Артем Александрович,2023-12-01,Декабрь 2023,33885.0,43400.0,43400.0,False,False
890,Васильев Артем Александрович,2023-12-01,Декабрь 2023,129890.0,128700.0,169200.0,False,False
940,Смирнова Ольга Владимировна,2023-12-01,Декабрь 2023,103293.3,61093.3,102535.0,False,False
941,Смирнова Ольга Владимировна,2023-12-01,Декабрь 2023,26900.0,0.0,26900.0,False,False
471,Васильев Артем Александрович,2023-12-01,Декабрь 2023,99410.96,115821.0,127200.0,False,False
547,Соколова Анастасия Викторовна,2023-12-01,Декабрь 2023,215040.0,166000.0,164960.0,False,False
868,Соколова Анастасия Викторовна,2023-12-01,Декабрь 2023,52690.0,0.0,0.0,False,False
682,Васильев Артем Александрович,2023-12-01,Декабрь 2023,90075.0,0.0,0.0,False,False
951,Васильев Артем Александрович,2023-12-01,Декабрь 2023,402400.0,0.0,0.0,False,False
777,Соколова Анастасия Викторовна,2023-12-01,Декабрь 2023,118685.0,0.0,0.0,False,False
778,Соколова Анастасия Викторовна,2023-12-01,Декабрь 2023,47865.0,0.0,0.0,False,False
804,Кузнецов Михаил Иванович,2023-12-01,Декабрь 2023,69210.0,0.0,0.0,False,False
808,Федорова Марина Васильевна,2023-12-01,Декабрь 2023,0.0,0.0,0.0,False,False
350,Смирнова Ольга Владимировна,2023-12-01,Декабрь 2023,121305.0,117805.0,117805.0,False,False
955,Смирнова Ольга Владимировна,2023-12-01,Декабрь 2023,17400.0,0.0,0.0,False,False
1004,без А/М,2023-12-01,Декабрь 2023,0.0,0.0,0.0,False,False
281,Соколова Анастасия Викторовна,2023-12-01,Декабрь 2023,74350.0,105775.0,92065.0,False,False
785,Соколова Анастасия Викторовна,2023-12-01,Декабрь 2023,0.0,0.0,0.0,False,True
913,Смирнова Ольга Владимировна,2023-12-01,Декабрь 2023,58200.0,0.0,0.0,False,False
